"","Date","AQI"
"1",2015-01-01,472
"2",2015-01-02,454
"3",2015-01-03,143
"4",2015-01-04,319
"5",2015-01-05,325
"6",2015-01-06,318
"7",2015-01-07,353
"8",2015-01-08,383
"9",2015-01-09,375
"10",2015-01-10,376
"11",2015-01-11,379
"12",2015-01-12,375
"13",2015-01-13,366
"14",2015-01-14,353
"15",2015-01-15,340
"16",2015-01-16,356
"17",2015-01-17,360
"18",2015-01-18,370
"19",2015-01-19,362
"20",2015-01-20,340
"21",2015-01-21,338
"22",2015-01-22,332
"23",2015-01-23,254
"24",2015-01-24,324
"25",2015-01-25,333
"26",2015-01-26,292
"27",2015-01-27,318
"28",2015-01-28,295
"29",2015-01-29,327
"30",2015-01-30,345
"31",2015-01-31,334
"32",2015-02-01,358
"33",2015-02-02,349
"34",2015-02-03,334
"35",2015-02-04,313
"36",2015-02-05,262
"37",2015-02-06,303
"38",2015-02-07,329
"39",2015-02-08,323
"40",2015-02-09,266
"41",2015-02-10,319
"42",2015-02-11,334
"43",2015-02-12,342
"44",2015-02-13,341
"45",2015-02-14,377
"46",2015-02-15,391
"47",2015-02-16,358
"48",2015-02-17,327
"49",2015-02-18,365
"50",2015-02-19,352
"51",2015-02-20,317
"52",2015-02-21,320
"53",2015-02-22,279
"54",2015-02-23,281
"55",2015-02-24,354
"56",2015-02-25,340
"57",2015-02-26,323
"58",2015-02-27,315
"59",2015-02-28,310
"60",2015-03-01,324
"61",2015-03-02,226
"62",2015-03-03,266
"63",2015-03-04,200
"64",2015-03-05,275
"65",2015-03-06,322
"66",2015-03-07,216
"67",2015-03-08,108
"68",2015-03-09,197
"69",2015-03-10,238
"70",2015-03-11,274
"71",2015-03-12,315
"72",2015-03-13,307
"73",2015-03-14,208
"74",2015-03-15,165
"75",2015-03-16,188
"76",2015-03-17,217
"77",2015-03-18,191
"78",2015-03-19,240
"79",2015-03-20,229
"80",2015-03-21,248
"81",2015-03-22,204
"82",2015-03-23,271
"83",2015-03-24,290
"84",2015-03-25,340
"85",2015-03-26,358
"86",2015-03-27,287
"87",2015-03-28,323
"88",2015-03-29,360
"89",2015-03-30,268
"90",2015-03-31,283
"91",2015-04-01,309
"92",2015-04-02,249
"93",2015-04-03,245
"94",2015-04-04,229
"95",2015-04-05,234
"96",2015-04-06,343
"97",2015-04-07,262
"98",2015-04-08,308
"99",2015-04-09,293
"100",2015-04-10,290
"101",2015-04-11,375
"102",2015-04-12,293
"103",2015-04-13,247
"104",2015-04-14,232
"105",2015-04-15,316
"106",2015-04-16,295
"107",2015-04-17,246
"108",2015-04-18,378
"109",2015-04-19,406
"110",2015-04-20,392
"111",2015-04-21,391
"112",2015-04-22,368
"113",2015-04-23,365
"114",2015-04-24,383
"115",2015-04-25,367
"116",2015-04-26,334
"117",2015-04-27,258
"118",2015-04-28,234
"119",2015-04-29,257
"120",2015-04-30,259
"121",2015-05-01,279
"122",2015-05-02,312
"123",2015-05-03,372
"124",2015-05-04,387
"125",2015-05-05,408
"126",2015-05-06,398
"127",2015-05-07,403
"128",2015-05-08,361
"129",2015-05-09,378
"130",2015-05-10,381
"131",2015-05-11,388
"132",2015-05-12,346
"133",2015-05-13,328
"134",2015-05-14,291
"135",2015-05-15,396
"136",2015-05-16,297
"137",2015-05-17,345
"138",2015-05-18,296
"139",2015-05-19,319
"140",2015-05-20,282
"141",2015-05-21,352
"142",2015-05-22,338
"143",2015-05-23,321
"144",2015-05-24,295
"145",2015-05-25,344
"146",2015-05-26,337
"147",2015-05-27,355
"148",2015-05-28,371
"149",2015-05-29,414
"150",2015-05-30,366
"151",2015-05-31,346
"152",2015-06-01,289
"153",2015-06-02,297
"154",2015-06-03,268
"155",2015-06-04,259
"156",2015-06-05,327
"157",2015-06-06,384
"158",2015-06-07,299
"159",2015-06-08,282
"160",2015-06-09,442
"161",2015-06-10,309
"162",2015-06-11,270
"163",2015-06-12,239
"164",2015-06-13,214
"165",2015-06-14,166
"166",2015-06-15,234
"167",2015-06-16,331
"168",2015-06-17,327
"169",2015-06-18,313
"170",2015-06-19,284
"171",2015-06-20,239
"172",2015-06-21,149
"173",2015-06-22,172
"174",2015-06-23,226
"175",2015-06-24,261
"176",2015-06-25,188
"177",2015-06-26,192
"178",2015-06-27,207
"179",2015-06-28,219
"180",2015-06-29,193
"181",2015-06-30,170
"182",2015-07-01,185
"183",2015-07-02,220
"184",2015-07-03,225
"185",2015-07-04,250
"186",2015-07-05,282
"187",2015-07-06,298
"188",2015-07-07,175
"189",2015-07-08,217
"190",2015-07-09,234
"191",2015-07-10,188
"192",2015-07-11,253
"193",2015-07-12,198
"194",2015-07-13,148
"195",2015-07-14,141
"196",2015-07-15,218
"197",2015-07-16,268
"198",2015-07-17,232
"199",2015-07-18,204
"200",2015-07-19,220
"201",2015-07-20,223
"202",2015-07-21,218
"203",2015-07-22,165
"204",2015-07-23,155
"205",2015-07-24,154
"206",2015-07-25,184
"207",2015-07-26,150
"208",2015-07-27,125
"209",2015-07-28,160
"210",2015-07-29,142
"211",2015-07-30,181
"212",2015-07-31,196
"213",2015-08-01,181
"214",2015-08-02,213
"215",2015-08-03,175
"216",2015-08-04,184
"217",2015-08-05,228
"218",2015-08-06,214
"219",2015-08-07,254
"220",2015-08-08,258
"221",2015-08-09,244
"222",2015-08-10,209
"223",2015-08-11,283
"224",2015-08-12,223
"225",2015-08-13,205
"226",2015-08-14,252
"227",2015-08-15,198
"228",2015-08-16,197
"229",2015-08-17,184
"230",2015-08-18,197
"231",2015-08-19,140
"232",2015-08-20,232
"233",2015-08-21,271
"234",2015-08-22,207
"235",2015-08-23,127
"236",2015-08-24,123
"237",2015-08-25,175
"238",2015-08-26,245
"239",2015-08-27,248
"240",2015-08-28,247
"241",2015-08-29,292
"242",2015-08-30,266
"243",2015-08-31,288
"244",2015-09-01,210
"245",2015-09-02,298
"246",2015-09-03,315
"247",2015-09-04,368
"248",2015-09-05,266
"249",2015-09-06,174
"250",2015-09-07,199
"251",2015-09-08,217
"252",2015-09-09,238
"253",2015-09-10,230
"254",2015-09-11,218
"255",2015-09-12,226
"256",2015-09-13,202
"257",2015-09-14,274
"258",2015-09-15,289
"259",2015-09-16,235
"260",2015-09-17,285
"261",2015-09-18,209
"262",2015-09-19,132
"263",2015-09-20,179
"264",2015-09-21,136
"265",2015-09-22,104
"266",2015-09-23,95
"267",2015-09-24,175
"268",2015-09-25,290
"269",2015-09-26,282
"270",2015-09-27,298
"271",2015-09-28,240
"272",2015-09-29,188
"273",2015-09-30,187
"274",2015-10-01,230
"275",2015-10-02,286
"276",2015-10-03,266
"277",2015-10-04,369
"278",2015-10-05,375
"279",2015-10-06,411
"280",2015-10-07,383
"281",2015-10-08,388
"282",2015-10-09,351
"283",2015-10-10,320
"284",2015-10-11,296
"285",2015-10-12,312
"286",2015-10-13,260
"287",2015-10-14,204
"288",2015-10-15,218
"289",2015-10-16,356
"290",2015-10-17,388
"291",2015-10-18,298
"292",2015-10-19,392
"293",2015-10-20,428
"294",2015-10-21,384
"295",2015-10-22,292
"296",2015-10-23,343
"297",2015-10-24,383
"298",2015-10-25,374
"299",2015-10-26,263
"300",2015-10-27,334
"301",2015-10-28,333
"302",2015-10-29,262
"303",2015-10-30,236
"304",2015-10-31,340
"305",2015-11-01,415
"306",2015-11-02,420
"307",2015-11-03,407
"308",2015-11-04,454
"309",2015-11-05,388
"310",2015-11-06,276
"311",2015-11-07,483
"312",2015-11-08,451
"313",2015-11-09,378
"314",2015-11-10,439
"315",2015-11-11,431
"316",2015-11-12,421
"317",2015-11-13,454
"318",2015-11-14,450
"319",2015-11-15,367
"320",2015-11-16,383
"321",2015-11-17,347
"322",2015-11-18,369
"323",2015-11-19,392
"324",2015-11-20,455
"325",2015-11-21,450
"326",2015-11-22,478
"327",2015-11-23,431
"328",2015-11-24,440
"329",2015-11-25,376
"330",2015-11-26,347
"331",2015-11-27,343
"332",2015-11-28,362
"333",2015-11-29,319
"334",2015-11-30,425
"335",2015-12-01,400
"336",2015-12-02,386
"337",2015-12-03,385
"338",2015-12-04,392
"339",2015-12-05,428
"340",2015-12-06,394
"341",2015-12-07,440
"342",2015-12-08,437
"343",2015-12-09,431
"344",2015-12-10,383
"345",2015-12-11,377
"346",2015-12-12,379
"347",2015-12-13,333
"348",2015-12-14,314
"349",2015-12-15,174
"350",2015-12-16,244
"351",2015-12-17,308
"352",2015-12-18,320
"353",2015-12-19,270
"354",2015-12-20,320
"355",2015-12-21,313
"356",2015-12-22,326
"357",2015-12-23,459
"358",2015-12-24,314
"359",2015-12-25,304
"360",2015-12-26,310
"361",2015-12-27,370
"362",2015-12-28,328
"363",2015-12-29,331
"364",2015-12-30,412
"365",2015-12-31,433
"366",2016-01-01,463
"367",2016-01-02,465
"368",2016-01-03,426
"369",2016-01-04,496
"370",2016-01-05,528
"371",2016-01-06,538
"372",2016-01-07,535
"373",2016-01-08,603
"374",2016-01-09,408
"375",2016-01-10,368
"376",2016-01-11,404
"377",2016-01-12,444
"378",2016-01-13,356
"379",2016-01-14,397
"380",2016-01-15,371
"381",2016-01-16,311
"382",2016-01-17,321
"383",2016-01-18,424
"384",2016-01-19,435
"385",2016-01-20,455
"386",2016-01-21,398
"387",2016-01-22,399
"388",2016-01-23,469
"389",2016-01-24,488
"390",2016-01-25,401
"391",2016-01-26,446
"392",2016-01-27,456
"393",2016-01-28,451
"394",2016-01-29,501
"395",2016-01-30,505
"396",2016-01-31,437
"397",2016-02-01,305
"398",2016-02-02,292
"399",2016-02-03,306
"400",2016-02-04,300
"401",2016-02-05,371
"402",2016-02-06,408
"403",2016-02-07,343
"404",2016-02-08,301
"405",2016-02-09,322
"406",2016-02-10,368
"407",2016-02-11,349
"408",2016-02-12,334
"409",2016-02-13,333
"410",2016-02-14,257
"411",2016-02-15,265
"412",2016-02-16,297
"413",2016-02-17,289
"414",2016-02-18,310
"415",2016-02-19,366
"416",2016-02-20,345
"417",2016-02-21,228
"418",2016-02-22,213
"419",2016-02-23,208
"420",2016-02-24,319
"421",2016-02-25,315
"422",2016-02-26,293
"423",2016-02-27,342
"424",2016-02-28,338
"425",2016-02-29,344
"426",2016-03-01,370
"427",2016-03-02,365
"428",2016-03-03,348
"429",2016-03-04,312
"430",2016-03-05,214
"431",2016-03-06,165
"432",2016-03-07,218
"433",2016-03-08,230
"434",2016-03-09,248
"435",2016-03-10,276
"436",2016-03-11,213
"437",2016-03-12,127
"438",2016-03-13,112
"439",2016-03-14,111
"440",2016-03-15,193
"441",2016-03-16,123
"442",2016-03-17,194
"443",2016-03-18,186
"444",2016-03-19,242
"445",2016-03-20,267
"446",2016-03-21,207
"447",2016-03-22,176
"448",2016-03-23,189
"449",2016-03-24,341
"450",2016-03-25,325
"451",2016-03-26,259
"452",2016-03-27,178
"453",2016-03-28,219
"454",2016-03-29,206
"455",2016-03-30,221
"456",2016-03-31,298
"457",2016-04-01,316
"458",2016-04-02,294
"459",2016-04-03,314
"460",2016-04-04,334
"461",2016-04-05,261
"462",2016-04-06,208
"463",2016-04-07,289
"464",2016-04-08,216
"465",2016-04-09,314
"466",2016-04-10,262
"467",2016-04-11,257
"468",2016-04-12,235
"469",2016-04-13,239
"470",2016-04-14,239
"471",2016-04-15,302
"472",2016-04-16,296
"473",2016-04-17,247
"474",2016-04-18,265
"475",2016-04-19,301
"476",2016-04-20,322
"477",2016-04-21,291
"478",2016-04-22,292
"479",2016-04-23,258
"480",2016-04-24,282
"481",2016-04-25,271
"482",2016-04-26,314
"483",2016-04-27,377
"484",2016-04-28,390
"485",2016-04-29,392
"486",2016-04-30,342
"487",2016-05-01,297
"488",2016-05-02,275
"489",2016-05-03,281
"490",2016-05-04,309
"491",2016-05-05,262
"492",2016-05-06,194
"493",2016-05-07,229
"494",2016-05-08,246
"495",2016-05-09,225
"496",2016-05-10,221
"497",2016-05-11,185
"498",2016-05-12,218
"499",2016-05-13,310
"500",2016-05-14,307
"501",2016-05-15,325
"502",2016-05-16,316
"503",2016-05-17,302
"504",2016-05-18,318
"505",2016-05-19,300
"506",2016-05-20,246
"507",2016-05-21,255
"508",2016-05-22,218
"509",2016-05-23,252
"510",2016-05-24,190
"511",2016-05-25,256
"512",2016-05-26,311
"513",2016-05-27,381
"514",2016-05-28,409
"515",2016-05-29,269
"516",2016-05-30,187
"517",2016-05-31,225
"518",2016-06-01,283
"519",2016-06-02,316
"520",2016-06-03,361
"521",2016-06-04,330
"522",2016-06-05,256
"523",2016-06-06,237
"524",2016-06-07,246
"525",2016-06-08,202
"526",2016-06-09,209
"527",2016-06-10,262
"528",2016-06-11,280
"529",2016-06-12,279
"530",2016-06-13,357
"531",2016-06-14,266
"532",2016-06-15,330
"533",2016-06-16,248
"534",2016-06-17,172
"535",2016-06-18,234
"536",2016-06-19,201
"537",2016-06-20,206
"538",2016-06-21,159
"539",2016-06-22,187
"540",2016-06-23,228
"541",2016-06-24,284
"542",2016-06-25,310
"543",2016-06-26,158
"544",2016-06-27,154
"545",2016-06-28,187
"546",2016-06-29,180
"547",2016-06-30,190
"548",2016-07-01,164
"549",2016-07-02,148
"550",2016-07-03,154
"551",2016-07-04,160
"552",2016-07-05,165
"553",2016-07-06,210
"554",2016-07-07,158
"555",2016-07-08,172
"556",2016-07-09,151
"557",2016-07-10,143
"558",2016-07-11,156
"559",2016-07-12,108
"560",2016-07-13,163
"561",2016-07-14,247
"562",2016-07-15,123
"563",2016-07-16,106
"564",2016-07-17,202
"565",2016-07-18,120
"566",2016-07-19,135
"567",2016-07-20,245
"568",2016-07-21,280
"569",2016-07-22,269
"570",2016-07-23,163
"571",2016-07-24,179
"572",2016-07-25,195
"573",2016-07-26,163
"574",2016-07-27,108
"575",2016-07-28,134
"576",2016-07-29,155
"577",2016-07-30,116
"578",2016-07-31,136
"579",2016-08-01,150
"580",2016-08-02,121
"581",2016-08-03,149
"582",2016-08-04,178
"583",2016-08-05,120
"584",2016-08-06,140
"585",2016-08-07,142
"586",2016-08-08,141
"587",2016-08-09,125
"588",2016-08-10,127
"589",2016-08-11,119
"590",2016-08-12,111
"591",2016-08-13,132
"592",2016-08-14,149
"593",2016-08-15,166
"594",2016-08-16,274
"595",2016-08-17,295
"596",2016-08-18,219
"597",2016-08-19,169
"598",2016-08-20,174
"599",2016-08-21,111
"600",2016-08-22,93
"601",2016-08-23,107
"602",2016-08-24,127
"603",2016-08-25,93
"604",2016-08-26,142
"605",2016-08-27,93
"606",2016-08-28,224
"607",2016-08-29,169
"608",2016-08-30,110
"609",2016-08-31,100
"610",2016-09-01,109
"611",2016-09-02,154
"612",2016-09-03,216
"613",2016-09-04,262
"614",2016-09-05,260
"615",2016-09-06,329
"616",2016-09-07,291
"617",2016-09-08,300
"618",2016-09-09,335
"619",2016-09-10,240
"620",2016-09-11,177
"621",2016-09-12,178
"622",2016-09-13,193
"623",2016-09-14,150
"624",2016-09-15,215
"625",2016-09-16,233
"626",2016-09-17,220
"627",2016-09-18,266
"628",2016-09-19,192
"629",2016-09-20,264
"630",2016-09-21,284
"631",2016-09-22,150
"632",2016-09-23,134
"633",2016-09-24,197
"634",2016-09-25,175
"635",2016-09-26,236
"636",2016-09-27,185
"637",2016-09-28,103
"638",2016-09-29,289
"639",2016-09-30,224
"640",2016-10-01,312
"641",2016-10-02,234
"642",2016-10-03,282
"643",2016-10-04,351
"644",2016-10-05,232
"645",2016-10-06,280
"646",2016-10-07,311
"647",2016-10-08,408
"648",2016-10-09,416
"649",2016-10-10,387
"650",2016-10-11,408
"651",2016-10-12,405
"652",2016-10-13,371
"653",2016-10-14,375
"654",2016-10-15,400
"655",2016-10-16,430
"656",2016-10-17,425
"657",2016-10-18,438
"658",2016-10-19,428
"659",2016-10-20,425
"660",2016-10-21,496
"661",2016-10-22,472
"662",2016-10-23,470
"663",2016-10-24,454
"664",2016-10-25,396
"665",2016-10-26,413
"666",2016-10-27,558
"667",2016-10-28,570
"668",2016-10-29,554
"669",2016-10-30,522
"670",2016-10-31,520
"671",2016-11-01,550
"672",2016-11-02,593
"673",2016-11-03,625
"674",2016-11-04,480
"675",2016-11-05,603
"676",2016-11-06,676
"677",2016-11-07,716
"678",2016-11-08,542
"679",2016-11-09,455
"680",2016-11-10,471
"681",2016-11-11,514
"682",2016-11-12,491
"683",2016-11-13,469
"684",2016-11-14,404
"685",2016-11-15,379
"686",2016-11-16,428
"687",2016-11-17,504
"688",2016-11-18,512
"689",2016-11-19,494
"690",2016-11-20,438
"691",2016-11-21,474
"692",2016-11-22,471
"693",2016-11-23,432
"694",2016-11-24,397
"695",2016-11-25,375
"696",2016-11-26,330
"697",2016-11-27,347
"698",2016-11-28,274
"699",2016-11-29,360
"700",2016-11-30,441
"701",2016-12-01,418
"702",2016-12-02,474
"703",2016-12-03,419
"704",2016-12-04,379
"705",2016-12-05,389
"706",2016-12-06,402
"707",2016-12-07,472
"708",2016-12-08,422
"709",2016-12-09,443
"710",2016-12-10,413
"711",2016-12-11,351
"712",2016-12-12,418
"713",2016-12-13,413
"714",2016-12-14,379
"715",2016-12-15,359
"716",2016-12-16,390
"717",2016-12-17,437
"718",2016-12-18,411
"719",2016-12-19,443
"720",2016-12-20,377
"721",2016-12-21,317
"722",2016-12-22,349
"723",2016-12-23,470
"724",2016-12-24,576
"725",2016-12-25,412
"726",2016-12-26,338
"727",2016-12-27,319
"728",2016-12-28,455
"729",2016-12-29,524
"730",2016-12-30,381
"731",2016-12-31,338
"732",2017-01-01,332
"733",2017-01-02,384
"734",2017-01-03,373
"735",2017-01-04,439
"736",2017-01-05,318
"737",2017-01-06,390
"738",2017-01-07,332
"739",2017-01-08,283
"740",2017-01-09,300
"741",2017-01-10,305
"742",2017-01-11,337
"743",2017-01-12,417
"744",2017-01-13,426
"745",2017-01-14,439
"746",2017-01-15,382
"747",2017-01-16,397
"748",2017-01-17,330
"749",2017-01-18,358
"750",2017-01-19,376
"751",2017-01-20,334
"752",2017-01-21,387
"753",2017-01-22,446
"754",2017-01-23,379
"755",2017-01-24,375
"756",2017-01-25,450
"757",2017-01-26,340
"758",2017-01-27,203
"759",2017-01-28,236
"760",2017-01-29,252
"761",2017-01-30,302
"762",2017-01-31,358
"763",2017-02-01,317
"764",2017-02-02,387
"765",2017-02-03,438
"766",2017-02-04,407
"767",2017-02-05,312
"768",2017-02-06,367
"769",2017-02-07,263
"770",2017-02-08,287
"771",2017-02-09,346
"772",2017-02-10,314
"773",2017-02-11,314
"774",2017-02-12,314
"775",2017-02-13,298
"776",2017-02-14,319
"777",2017-02-15,382
"778",2017-02-16,352
"779",2017-02-17,309
"780",2017-02-18,301
"781",2017-02-19,274
"782",2017-02-20,313
"783",2017-02-21,310
"784",2017-02-22,258
"785",2017-02-23,238
"786",2017-02-24,449
"787",2017-02-25,516
"788",2017-02-26,520
"789",2017-02-27,363
"790",2017-02-28,362
"791",2017-03-01,397
"792",2017-03-02,280
"793",2017-03-03,206
"794",2017-03-04,190
"795",2017-03-05,210
"796",2017-03-06,201
"797",2017-03-07,243
"798",2017-03-08,267
"799",2017-03-09,245
"800",2017-03-10,165
"801",2017-03-11,102
"802",2017-03-12,159
"803",2017-03-13,174
"804",2017-03-14,270
"805",2017-03-15,397
"806",2017-03-16,371
"807",2017-03-17,328
"808",2017-03-18,254
"809",2017-03-19,342
"810",2017-03-20,367
"811",2017-03-21,400
"812",2017-03-22,390
"813",2017-03-23,417
"814",2017-03-24,359
"815",2017-03-25,309
"816",2017-03-26,292
"817",2017-03-27,278
"818",2017-03-28,320
"819",2017-03-29,350
"820",2017-03-30,234
"821",2017-03-31,233
"822",2017-04-01,341
"823",2017-04-02,259
"824",2017-04-03,204
"825",2017-04-04,220
"826",2017-04-05,255
"827",2017-04-06,211
"828",2017-04-07,428
"829",2017-04-08,497
"830",2017-04-09,289
"831",2017-04-10,285
"832",2017-04-11,368
"833",2017-04-12,304
"834",2017-04-13,377
"835",2017-04-14,418
"836",2017-04-15,355
"837",2017-04-16,416
"838",2017-04-17,403
"839",2017-04-18,415
"840",2017-04-19,412
"841",2017-04-20,394
"842",2017-04-21,357
"843",2017-04-22,291
"844",2017-04-23,244
"845",2017-04-24,287
"846",2017-04-25,254
"847",2017-04-26,242
"848",2017-04-27,223
"849",2017-04-28,243
"850",2017-04-29,237
"851",2017-04-30,275
"852",2017-05-01,183
"853",2017-05-02,370
"854",2017-05-03,419
"855",2017-05-04,317
"856",2017-05-05,455
"857",2017-05-06,435
"858",2017-05-07,468
"859",2017-05-08,442
"860",2017-05-09,400
"861",2017-05-10,223
"862",2017-05-11,220
"863",2017-05-12,474
"864",2017-05-13,479
"865",2017-05-14,373
"866",2017-05-15,354
"867",2017-05-16,349
"868",2017-05-17,264
"869",2017-05-18,188
"870",2017-05-19,294
"871",2017-05-20,334
"872",2017-05-21,505
"873",2017-05-22,349
"874",2017-05-23,421
"875",2017-05-24,238
"876",2017-05-25,204
"877",2017-05-26,289
"878",2017-05-27,236
"879",2017-05-28,148
"880",2017-05-29,94
"881",2017-05-30,130
"882",2017-05-31,123
"883",2017-06-01,192
"884",2017-06-02,324
"885",2017-06-03,357
"886",2017-06-04,393
"887",2017-06-05,302
"888",2017-06-06,239
"889",2017-06-07,210
"890",2017-06-08,77
"891",2017-06-09,89
"892",2017-06-10,143
"893",2017-06-11,80
"894",2017-06-12,92
"895",2017-06-13,112
"896",2017-06-14,117
"897",2017-06-15,101
"898",2017-06-16,106
"899",2017-06-17,88
"900",2017-06-18,94
"901",2017-06-19,150
"902",2017-06-20,97
"903",2017-06-21,109
"904",2017-06-22,124
"905",2017-06-23,117.5
"906",2017-06-24,111
"907",2017-06-25,148
"908",2017-06-26,108
"909",2017-06-27,73
"910",2017-06-28,58
"911",2017-06-29,58
"912",2017-06-30,46
"913",2017-07-01,84
"914",2017-07-02,54
"915",2017-07-03,49
"916",2017-07-04,149
"917",2017-07-05,212
"918",2017-07-06,85
"919",2017-07-07,77
"920",2017-07-08,65
"921",2017-07-09,108
"922",2017-07-10,78
"923",2017-07-11,59
"924",2017-07-12,47
"925",2017-07-13,39
"926",2017-07-14,40
"927",2017-07-15,56
"928",2017-07-16,65
"929",2017-07-17,71
"930",2017-07-18,97
"931",2017-07-19,118
"932",2017-07-20,116
"933",2017-07-21,53
"934",2017-07-22,30
"935",2017-07-23,37
"936",2017-07-24,35
"937",2017-07-25,37
"938",2017-07-26,32
"939",2017-07-27,41
"940",2017-07-28,42
"941",2017-07-29,47
"942",2017-07-30,30
"943",2017-07-31,29
"944",2017-08-01,44
"945",2017-08-02,40
"946",2017-08-03,49
"947",2017-08-04,50
"948",2017-08-05,88
"949",2017-08-06,99
"950",2017-08-07,110
"951",2017-08-08,68
"952",2017-08-09,73
"953",2017-08-10,95
"954",2017-08-11,58
"955",2017-08-12,45
"956",2017-08-13,259.487743871936
"957",2017-08-14,159.243871935968
"958",2017-08-15,59
"959",2017-08-16,53
"960",2017-08-17,66
"961",2017-08-18,70
"962",2017-08-19,70
"963",2017-08-20,63
"964",2017-08-21,42
"965",2017-08-22,259.487743871936
"966",2017-08-23,158.743871935968
"967",2017-08-24,58
"968",2017-08-25,104
"969",2017-08-26,259.487743871936
"970",2017-08-27,259.487743871936
"971",2017-08-28,259.487743871936
"972",2017-08-29,166.243871935968
"973",2017-08-30,73
"974",2017-08-31,94
"975",2017-09-01,91
"976",2017-09-02,88
"977",2017-09-03,88
"978",2017-09-04,89
"979",2017-09-05,88
"980",2017-09-06,88
"981",2017-09-07,88
"982",2017-09-08,106
"983",2017-09-09,96
"984",2017-09-10,118
"985",2017-09-11,119
"986",2017-09-12,106
"987",2017-09-13,115
"988",2017-09-14,142
"989",2017-09-15,169
"990",2017-09-16,110
"991",2017-09-17,106
"992",2017-09-18,99
"993",2017-09-19,109
"994",2017-09-20,137
"995",2017-09-21,144
"996",2017-09-22,92
"997",2017-09-23,83
"998",2017-09-24,84
"999",2017-09-25,104
"1000",2017-09-26,131
"1001",2017-09-27,165
"1002",2017-09-28,176
"1003",2017-09-29,172
"1004",2017-09-30,137
"1005",2017-10-01,131
"1006",2017-10-02,132
"1007",2017-10-03,115
"1008",2017-10-04,151
"1009",2017-10-05,180
"1010",2017-10-06,183
"1011",2017-10-07,193
"1012",2017-10-08,224
"1013",2017-10-09,268
"1014",2017-10-10,253
"1015",2017-10-11,208
"1016",2017-10-12,211
"1017",2017-10-13,246
"1018",2017-10-14,319
"1019",2017-10-15,317
"1020",2017-10-16,310
"1021",2017-10-17,313
"1022",2017-10-18,310
"1023",2017-10-19,336
"1024",2017-10-20,497
"1025",2017-10-21,404
"1026",2017-10-22,338
"1027",2017-10-23,327
"1028",2017-10-24,366
"1029",2017-10-25,357
"1030",2017-10-26,328
"1031",2017-10-27,345
"1032",2017-10-28,379
"1033",2017-10-29,362
"1034",2017-10-30,340
"1035",2017-10-31,366
"1036",2017-11-01,344
"1037",2017-11-02,305
"1038",2017-11-03,310
"1039",2017-11-04,345
"1040",2017-11-05,370
"1041",2017-11-06,377
"1042",2017-11-07,532
"1043",2017-11-08,675
"1044",2017-11-09,677
"1045",2017-11-10,597
"1046",2017-11-11,471
"1047",2017-11-12,613
"1048",2017-11-13,561
"1049",2017-11-14,444
"1050",2017-11-15,378
"1051",2017-11-16,357
"1052",2017-11-17,330
"1053",2017-11-18,309
"1054",2017-11-19,297
"1055",2017-11-20,329
"1056",2017-11-21,341
"1057",2017-11-22,348
"1058",2017-11-23,340
"1059",2017-11-24,348
"1060",2017-11-25,347
"1061",2017-11-26,368
"1062",2017-11-27,382
"1063",2017-11-28,360
"1064",2017-11-29,359
"1065",2017-11-30,388
"1066",2017-12-01,377
"1067",2017-12-02,356
"1068",2017-12-03,384
"1069",2017-12-04,415
"1070",2017-12-05,404
"1071",2017-12-06,330
"1072",2017-12-07,215
"1073",2017-12-08,220
"1074",2017-12-09,312
"1075",2017-12-10,389
"1076",2017-12-11,406
"1077",2017-12-12,280
"1078",2017-12-13,263
"1079",2017-12-14,276
"1080",2017-12-15,292
"1081",2017-12-16,228
"1082",2017-12-17,195
"1083",2017-12-18,223
"1084",2017-12-19,291
"1085",2017-12-20,378
"1086",2017-12-21,467
"1087",2017-12-22,370
"1088",2017-12-23,253
"1089",2017-12-24,309
"1090",2017-12-25,398
"1091",2017-12-26,372
"1092",2017-12-27,379
"1093",2017-12-28,398
"1094",2017-12-29,399
"1095",2017-12-30,421
"1096",2017-12-31,451
"1097",2018-01-01,462
"1098",2018-01-02,439
"1099",2018-01-03,405
"1100",2018-01-04,394
"1101",2018-01-05,398
"1102",2018-01-06,403
"1103",2018-01-07,384
"1104",2018-01-08,314
"1105",2018-01-09,373
"1106",2018-01-10,366
"1107",2018-01-11,318
"1108",2018-01-12,306
"1109",2018-01-13,370
"1110",2018-01-14,365
"1111",2018-01-15,352
"1112",2018-01-16,278
"1113",2018-01-17,350
"1114",2018-01-18,411
"1115",2018-01-19,451
"1116",2018-01-20,351
"1117",2018-01-21,310
"1118",2018-01-22,362
"1119",2018-01-23,343
"1120",2018-01-24,286
"1121",2018-01-25,267
"1122",2018-01-26,263
"1123",2018-01-27,284
"1124",2018-01-28,334
"1125",2018-01-29,332
"1126",2018-01-30,300
"1127",2018-01-31,271
"1128",2018-02-01,293
"1129",2018-02-02,318
"1130",2018-02-03,277
"1131",2018-02-04,284
"1132",2018-02-05,313
"1133",2018-02-06,324
"1134",2018-02-07,287
"1135",2018-02-08,334
"1136",2018-02-09,375
"1137",2018-02-10,378
"1138",2018-02-11,350
"1139",2018-02-12,218
"1140",2018-02-13,189
"1141",2018-02-14,217
"1142",2018-02-15,189
"1143",2018-02-16,248
"1144",2018-02-17,277
"1145",2018-02-18,284
"1146",2018-02-19,321
"1147",2018-02-20,335
"1148",2018-02-21,347
"1149",2018-02-22,333
"1150",2018-02-23,331
"1151",2018-02-24,347
"1152",2018-02-25,317
"1153",2018-02-26,170
"1154",2018-02-27,167
"1155",2018-02-28,274
"1156",2018-03-01,293
"1157",2018-03-02,300
"1158",2018-03-03,244
"1159",2018-03-04,205
"1160",2018-03-05,180
"1161",2018-03-06,170
"1162",2018-03-07,192
"1163",2018-03-08,262
"1164",2018-03-09,316
"1165",2018-03-10,207
"1166",2018-03-11,179
"1167",2018-03-12,236
"1168",2018-03-13,241
"1169",2018-03-14,287
"1170",2018-03-15,314
"1171",2018-03-16,269
"1172",2018-03-17,218
"1173",2018-03-18,177
"1174",2018-03-19,177
"1175",2018-03-20,224
"1176",2018-03-21,302
"1177",2018-03-22,226
"1178",2018-03-23,171
"1179",2018-03-24,183
"1180",2018-03-25,202
"1181",2018-03-26,203
"1182",2018-03-27,246
"1183",2018-03-28,293
"1184",2018-03-29,238
"1185",2018-03-30,234
"1186",2018-03-31,269
"1187",2018-04-01,217
"1188",2018-04-02,217
"1189",2018-04-03,239
"1190",2018-04-04,244
"1191",2018-04-05,329
"1192",2018-04-06,271
"1193",2018-04-07,170
"1194",2018-04-08,142
"1195",2018-04-09,133
"1196",2018-04-10,205
"1197",2018-04-11,179
"1198",2018-04-12,135
"1199",2018-04-13,201
"1200",2018-04-14,233
"1201",2018-04-15,240
"1202",2018-04-16,296
"1203",2018-04-17,266
"1204",2018-04-18,216
"1205",2018-04-19,242
"1206",2018-04-20,271
"1207",2018-04-21,444
"1208",2018-04-22,302
"1209",2018-04-23,197
"1210",2018-04-24,242
"1211",2018-04-25,287
"1212",2018-04-26,329
"1213",2018-04-27,351
"1214",2018-04-28,288
"1215",2018-04-29,259
"1216",2018-04-30,221
"1217",2018-05-01,173
"1218",2018-05-02,161
"1219",2018-05-03,167
"1220",2018-05-04,146
"1221",2018-05-05,174
"1222",2018-05-06,280
"1223",2018-05-07,243
"1224",2018-05-08,252
"1225",2018-05-09,168
"1226",2018-05-10,218
"1227",2018-05-11,292
"1228",2018-05-12,330
"1229",2018-05-13,285
"1230",2018-05-14,174
"1231",2018-05-15,173
"1232",2018-05-16,194
"1233",2018-05-17,240
"1234",2018-05-18,254
"1235",2018-05-19,270
"1236",2018-05-20,231
"1237",2018-05-21,208
"1238",2018-05-22,207
"1239",2018-05-23,306
"1240",2018-05-24,303
"1241",2018-05-25,260
"1242",2018-05-26,244
"1243",2018-05-27,268
"1244",2018-05-28,276
"1245",2018-05-29,303
"1246",2018-05-30,272
"1247",2018-05-31,223
"1248",2018-06-01,196
"1249",2018-06-02,183
"1250",2018-06-03,154
"1251",2018-06-04,170
"1252",2018-06-05,160
"1253",2018-06-06,146
"1254",2018-06-07,166
"1255",2018-06-08,180
"1256",2018-06-09,153
"1257",2018-06-10,153
"1258",2018-06-11,186
"1259",2018-06-12,285
"1260",2018-06-13,453
"1261",2018-06-14,522
"1262",2018-06-15,593
"1263",2018-06-16,531
"1264",2018-06-17,384
"1265",2018-06-18,179
"1266",2018-06-19,146
"1267",2018-06-20,175
"1268",2018-06-21,221
"1269",2018-06-22,249
"1270",2018-06-23,228
"1271",2018-06-24,194
"1272",2018-06-25,168
"1273",2018-06-26,128
"1274",2018-06-27,126
"1275",2018-06-28,99
"1276",2018-06-29,90
"1277",2018-06-30,113
"1278",2018-07-01,102
"1279",2018-07-02,111
"1280",2018-07-03,122
"1281",2018-07-04,128
"1282",2018-07-05,130
"1283",2018-07-06,147
"1284",2018-07-07,155
"1285",2018-07-08,176
"1286",2018-07-09,168
"1287",2018-07-10,140
"1288",2018-07-11,111
"1289",2018-07-12,130
"1290",2018-07-13,109
"1291",2018-07-14,96
"1292",2018-07-15,92
"1293",2018-07-16,95
"1294",2018-07-17,105
"1295",2018-07-18,114
"1296",2018-07-19,106
"1297",2018-07-20,90
"1298",2018-07-21,114
"1299",2018-07-22,87
"1300",2018-07-23,80
"1301",2018-07-24,101
"1302",2018-07-25,90
"1303",2018-07-26,90
"1304",2018-07-27,68
"1305",2018-07-28,71
"1306",2018-07-29,100
"1307",2018-07-30,122
"1308",2018-07-31,135
"1309",2018-08-01,155
"1310",2018-08-02,215
"1311",2018-08-03,228
"1312",2018-08-04,215
"1313",2018-08-05,234
"1314",2018-08-06,166
"1315",2018-08-07,123
"1316",2018-08-08,108
"1317",2018-08-09,102
"1318",2018-08-10,111
"1319",2018-08-11,106
"1320",2018-08-12,92
"1321",2018-08-13,102
"1322",2018-08-14,122
"1323",2018-08-15,128
"1324",2018-08-16,109
"1325",2018-08-17,109
"1326",2018-08-18,90
"1327",2018-08-19,100
"1328",2018-08-20,138
"1329",2018-08-21,105
"1330",2018-08-22,91
"1331",2018-08-23,86
"1332",2018-08-24,89
"1333",2018-08-25,100
"1334",2018-08-26,85
"1335",2018-08-27,82
"1336",2018-08-28,81
"1337",2018-08-29,88
"1338",2018-08-30,97
"1339",2018-08-31,127
"1340",2018-09-01,132
"1341",2018-09-02,116
"1342",2018-09-03,89
"1343",2018-09-04,118
"1344",2018-09-05,108
"1345",2018-09-06,137
"1346",2018-09-07,117
"1347",2018-09-08,105
"1348",2018-09-09,86
"1349",2018-09-10,92
"1350",2018-09-11,91
"1351",2018-09-12,96
"1352",2018-09-13,108
"1353",2018-09-14,113
"1354",2018-09-15,126
"1355",2018-09-16,124
"1356",2018-09-17,135
"1357",2018-09-18,154
"1358",2018-09-19,157
"1359",2018-09-20,173
"1360",2018-09-21,155
"1361",2018-09-22,76
"1362",2018-09-23,69
"1363",2018-09-24,63
"1364",2018-09-25,63
"1365",2018-09-26,99
"1366",2018-09-27,151
"1367",2018-09-28,200
"1368",2018-09-29,229
"1369",2018-09-30,176
"1370",2018-10-01,148
"1371",2018-10-02,186
"1372",2018-10-03,160
"1373",2018-10-04,206
"1374",2018-10-05,268
"1375",2018-10-06,237
"1376",2018-10-07,189
"1377",2018-10-08,253
"1378",2018-10-09,269
"1379",2018-10-10,263
"1380",2018-10-11,219
"1381",2018-10-12,163
"1382",2018-10-13,264
"1383",2018-10-14,237
"1384",2018-10-15,253
"1385",2018-10-16,309
"1386",2018-10-17,332
"1387",2018-10-18,330
"1388",2018-10-19,300
"1389",2018-10-20,344
"1390",2018-10-21,325
"1391",2018-10-22,296
"1392",2018-10-23,274
"1393",2018-10-24,354
"1394",2018-10-25,356
"1395",2018-10-26,394
"1396",2018-10-27,396
"1397",2018-10-28,403
"1398",2018-10-29,397
"1399",2018-10-30,456
"1400",2018-10-31,422
"1401",2018-11-01,433
"1402",2018-11-02,391
"1403",2018-11-03,353
"1404",2018-11-04,238
"1405",2018-11-05,424
"1406",2018-11-06,411
"1407",2018-11-07,317
"1408",2018-11-08,452
"1409",2018-11-09,487
"1410",2018-11-10,430
"1411",2018-11-11,454
"1412",2018-11-12,437
"1413",2018-11-13,454
"1414",2018-11-14,361
"1415",2018-11-15,251
"1416",2018-11-16,302
"1417",2018-11-17,292
"1418",2018-11-18,330
"1419",2018-11-19,340
"1420",2018-11-20,367
"1421",2018-11-21,396
"1422",2018-11-22,317
"1423",2018-11-23,356
"1424",2018-11-24,296
"1425",2018-11-25,266
"1426",2018-11-26,349
"1427",2018-11-27,396
"1428",2018-11-28,363
"1429",2018-11-29,384
"1430",2018-11-30,365
"1431",2018-12-01,335
"1432",2018-12-02,329
"1433",2018-12-03,356
"1434",2018-12-04,394
"1435",2018-12-05,374
"1436",2018-12-06,385
"1437",2018-12-07,376
"1438",2018-12-08,366
"1439",2018-12-09,389
"1440",2018-12-10,431
"1441",2018-12-11,464
"1442",2018-12-12,443
"1443",2018-12-13,264
"1444",2018-12-14,248
"1445",2018-12-15,274
"1446",2018-12-16,295
"1447",2018-12-17,338
"1448",2018-12-18,370
"1449",2018-12-19,370
"1450",2018-12-20,423
"1451",2018-12-21,422
"1452",2018-12-22,468
"1453",2018-12-23,557
"1454",2018-12-24,577
"1455",2018-12-25,475
"1456",2018-12-26,405
"1457",2018-12-27,458
"1458",2018-12-28,413
"1459",2018-12-29,420
"1460",2018-12-30,484
"1461",2018-12-31,509
"1462",2019-01-01,475
"1463",2019-01-02,501
"1464",2019-01-03,537
"1465",2019-01-04,432
"1466",2019-01-05,440
"1467",2019-01-06,371
"1468",2019-01-07,331
"1469",2019-01-08,340
"1470",2019-01-09,321
"1471",2019-01-10,317
"1472",2019-01-11,401
"1473",2019-01-12,482
"1474",2019-01-13,464
"1475",2019-01-14,320
"1476",2019-01-15,248
"1477",2019-01-16,383
"1478",2019-01-17,515
"1479",2019-01-18,437
"1480",2019-01-19,411
"1481",2019-01-20,480
"1482",2019-01-21,413
"1483",2019-01-22,174
"1484",2019-01-23,186
"1485",2019-01-24,328
"1486",2019-01-25,188
"1487",2019-01-26,231
"1488",2019-01-27,275
"1489",2019-01-28,301
"1490",2019-01-29,297
"1491",2019-01-30,342
"1492",2019-01-31,397
"1493",2019-02-01,329
"1494",2019-02-02,338
"1495",2019-02-03,323
"1496",2019-02-04,301
"1497",2019-02-05,398
"1498",2019-02-06,380
"1499",2019-02-07,233
"1500",2019-02-08,136
"1501",2019-02-09,169
"1502",2019-02-10,277
"1503",2019-02-11,332
"1504",2019-02-12,357
"1505",2019-02-13,372
"1506",2019-02-14,350
"1507",2019-02-15,275
"1508",2019-02-16,288
"1509",2019-02-17,247
"1510",2019-02-18,278
"1511",2019-02-19,232
"1512",2019-02-20,305
"1513",2019-02-21,158
"1514",2019-02-22,191
"1515",2019-02-23,116
"1516",2019-02-24,169
"1517",2019-02-25,221
"1518",2019-02-26,144
"1519",2019-02-27,112
"1520",2019-02-28,198
"1521",2019-03-01,222
"1522",2019-03-02,227
"1523",2019-03-03,172
"1524",2019-03-04,217
"1525",2019-03-05,173
"1526",2019-03-06,189
"1527",2019-03-07,228
"1528",2019-03-08,220
"1529",2019-03-09,194
"1530",2019-03-10,157
"1531",2019-03-11,190
"1532",2019-03-12,149
"1533",2019-03-13,168
"1534",2019-03-14,281
"1535",2019-03-15,183
"1536",2019-03-16,143
"1537",2019-03-17,198
"1538",2019-03-18,221
"1539",2019-03-19,239
"1540",2019-03-20,234
"1541",2019-03-21,272
"1542",2019-03-22,141
"1543",2019-03-23,131
"1544",2019-03-24,126
"1545",2019-03-25,136
"1546",2019-03-26,162
"1547",2019-03-27,177
"1548",2019-03-28,245
"1549",2019-03-29,273
"1550",2019-03-30,252
"1551",2019-03-31,198
"1552",2019-04-01,153
"1553",2019-04-02,194
"1554",2019-04-03,208
"1555",2019-04-04,260
"1556",2019-04-05,284
"1557",2019-04-06,269
"1558",2019-04-07,315
"1559",2019-04-08,284
"1560",2019-04-09,240
"1561",2019-04-10,263
"1562",2019-04-11,196
"1563",2019-04-12,202
"1564",2019-04-13,175
"1565",2019-04-14,150
"1566",2019-04-15,163
"1567",2019-04-16,206
"1568",2019-04-17,102
"1569",2019-04-18,104
"1570",2019-04-19,151
"1571",2019-04-20,199
"1572",2019-04-21,225
"1573",2019-04-22,246
"1574",2019-04-23,257
"1575",2019-04-24,232
"1576",2019-04-25,251
"1577",2019-04-26,223
"1578",2019-04-27,248
"1579",2019-04-28,269
"1580",2019-04-29,256
"1581",2019-04-30,257
"1582",2019-05-01,285
"1583",2019-05-02,275
"1584",2019-05-03,202
"1585",2019-05-04,182
"1586",2019-05-05,231
"1587",2019-05-06,267
"1588",2019-05-07,310
"1589",2019-05-08,389
"1590",2019-05-09,390
"1591",2019-05-10,333
"1592",2019-05-11,266
"1593",2019-05-12,352
"1594",2019-05-13,376
"1595",2019-05-14,217
"1596",2019-05-15,194
"1597",2019-05-16,192
"1598",2019-05-17,257
"1599",2019-05-18,176
"1600",2019-05-19,168
"1601",2019-05-20,216
"1602",2019-05-21,206
"1603",2019-05-22,167
"1604",2019-05-23,228
"1605",2019-05-24,151
"1606",2019-05-25,125
"1607",2019-05-26,135
"1608",2019-05-27,163
"1609",2019-05-28,175
"1610",2019-05-29,191
"1611",2019-05-30,226
"1612",2019-05-31,266
"1613",2019-06-01,300
"1614",2019-06-02,222
"1615",2019-06-03,232
"1616",2019-06-04,212
"1617",2019-06-05,190
"1618",2019-06-06,209
"1619",2019-06-07,192
"1620",2019-06-08,184
"1621",2019-06-09,237
"1622",2019-06-10,230
"1623",2019-06-11,315
"1624",2019-06-12,280
"1625",2019-06-13,189
"1626",2019-06-14,167
"1627",2019-06-15,217
"1628",2019-06-16,205
"1629",2019-06-17,126
"1630",2019-06-18,119
"1631",2019-06-19,173
"1632",2019-06-20,175
"1633",2019-06-21,178
"1634",2019-06-22,185
"1635",2019-06-23,153
"1636",2019-06-24,118
"1637",2019-06-25,131
"1638",2019-06-26,161
"1639",2019-06-27,169
"1640",2019-06-28,207
"1641",2019-06-29,223
"1642",2019-06-30,234
"1643",2019-07-01,195
"1644",2019-07-02,202
"1645",2019-07-03,162
"1646",2019-07-04,111
"1647",2019-07-05,113
"1648",2019-07-06,99
"1649",2019-07-07,101
"1650",2019-07-08,129
"1651",2019-07-09,131
"1652",2019-07-10,150
"1653",2019-07-11,300
"1654",2019-07-12,294
"1655",2019-07-13,312
"1656",2019-07-14,243
"1657",2019-07-15,180
"1658",2019-07-16,117
"1659",2019-07-17,92
"1660",2019-07-18,98
"1661",2019-07-19,142
"1662",2019-07-20,137
"1663",2019-07-21,123
"1664",2019-07-22,124
"1665",2019-07-23,156
"1666",2019-07-24,165
"1667",2019-07-25,98
"1668",2019-07-26,94
"1669",2019-07-27,85
"1670",2019-07-28,83
"1671",2019-07-29,82
"1672",2019-07-30,90
"1673",2019-07-31,90
"1674",2019-08-01,98
"1675",2019-08-02,95
"1676",2019-08-03,104
"1677",2019-08-04,101
"1678",2019-08-05,108
"1679",2019-08-06,99
"1680",2019-08-07,104
"1681",2019-08-08,99
"1682",2019-08-09,89
"1683",2019-08-10,75
"1684",2019-08-11,83
"1685",2019-08-12,80
"1686",2019-08-13,85
"1687",2019-08-14,93
"1688",2019-08-15,93
"1689",2019-08-16,73
"1690",2019-08-17,67
"1691",2019-08-18,66
"1692",2019-08-19,99
"1693",2019-08-20,103
"1694",2019-08-21,107
"1695",2019-08-22,125
"1696",2019-08-23,130
"1697",2019-08-24,149
"1698",2019-08-25,107
"1699",2019-08-26,77
"1700",2019-08-27,114
"1701",2019-08-28,119
"1702",2019-08-29,103
"1703",2019-08-30,110
"1704",2019-08-31,123
"1705",2019-09-01,123
"1706",2019-09-02,105
"1707",2019-09-03,131
"1708",2019-09-04,165
"1709",2019-09-05,118
"1710",2019-09-06,96
"1711",2019-09-07,95
"1712",2019-09-08,99
"1713",2019-09-09,107
"1714",2019-09-10,139
"1715",2019-09-11,166
"1716",2019-09-12,158
"1717",2019-09-13,103
"1718",2019-09-14,85
"1719",2019-09-15,83
"1720",2019-09-16,111
"1721",2019-09-17,143
"1722",2019-09-18,117
"1723",2019-09-19,80
"1724",2019-09-20,96
"1725",2019-09-21,112
"1726",2019-09-22,86
"1727",2019-09-23,89
"1728",2019-09-24,103
"1729",2019-09-25,100
"1730",2019-09-26,87
"1731",2019-09-27,78
"1732",2019-09-28,78
"1733",2019-09-29,68
"1734",2019-09-30,75
"1735",2019-10-01,98
"1736",2019-10-02,105
"1737",2019-10-03,140
"1738",2019-10-04,113
"1739",2019-10-05,108
"1740",2019-10-06,127
"1741",2019-10-07,133
"1742",2019-10-08,123
"1743",2019-10-09,165
"1744",2019-10-10,208
"1745",2019-10-11,243
"1746",2019-10-12,235
"1747",2019-10-13,282
"1748",2019-10-14,285
"1749",2019-10-15,291
"1750",2019-10-16,320
"1751",2019-10-17,300
"1752",2019-10-18,265
"1753",2019-10-19,170
"1754",2019-10-20,242
"1755",2019-10-21,254
"1756",2019-10-22,243
"1757",2019-10-23,248
"1758",2019-10-24,335
"1759",2019-10-25,331
"1760",2019-10-26,315
"1761",2019-10-27,354
"1762",2019-10-28,417
"1763",2019-10-29,419
"1764",2019-10-30,452
"1765",2019-10-31,460
"1766",2019-11-01,591
"1767",2019-11-02,473
"1768",2019-11-03,659
"1769",2019-11-04,532
"1770",2019-11-05,385
"1771",2019-11-06,265
"1772",2019-11-07,296
"1773",2019-11-08,346
"1774",2019-11-09,321
"1775",2019-11-10,339
"1776",2019-11-11,376
"1777",2019-11-12,475
"1778",2019-11-13,532
"1779",2019-11-14,537
"1780",2019-11-15,595
"1781",2019-11-16,438
"1782",2019-11-17,273
"1783",2019-11-18,245
"1784",2019-11-19,251
"1785",2019-11-20,315
"1786",2019-11-21,375
"1787",2019-11-22,377
"1788",2019-11-23,334
"1789",2019-11-24,264
"1790",2019-11-25,269
"1791",2019-11-26,284
"1792",2019-11-27,166
"1793",2019-11-28,106
"1794",2019-11-29,89
"1795",2019-11-30,175
"1796",2019-12-01,257
"1797",2019-12-02,299
"1798",2019-12-03,302
"1799",2019-12-04,313
"1800",2019-12-05,389
"1801",2019-12-06,423
"1802",2019-12-07,382
"1803",2019-12-08,404
"1804",2019-12-09,371
"1805",2019-12-10,377
"1806",2019-12-11,430
"1807",2019-12-12,471
"1808",2019-12-13,322
"1809",2019-12-14,179
"1810",2019-12-15,205
"1811",2019-12-16,202
"1812",2019-12-17,178
"1813",2019-12-18,273
"1814",2019-12-19,354
"1815",2019-12-20,452
"1816",2019-12-21,441
"1817",2019-12-22,351
"1818",2019-12-23,321
"1819",2019-12-24,376
"1820",2019-12-25,384
"1821",2019-12-26,340
"1822",2019-12-27,372
"1823",2019-12-28,425
"1824",2019-12-29,455
"1825",2019-12-30,506
"1826",2019-12-31,417
"1827",2020-01-01,492
"1828",2020-01-02,485
"1829",2020-01-03,426
"1830",2020-01-04,366
"1831",2020-01-05,354
"1832",2020-01-06,335
"1833",2020-01-07,285
"1834",2020-01-08,281
"1835",2020-01-09,231
"1836",2020-01-10,255
"1837",2020-01-11,309
"1838",2020-01-12,352
"1839",2020-01-13,381
"1840",2020-01-14,314
"1841",2020-01-15,241
"1842",2020-01-16,286
"1843",2020-01-17,287
"1844",2020-01-18,262
"1845",2020-01-19,290
"1846",2020-01-20,282
"1847",2020-01-21,359
"1848",2020-01-22,378
"1849",2020-01-23,273
"1850",2020-01-24,155
"1851",2020-01-25,251
"1852",2020-01-26,349
"1853",2020-01-27,365
"1854",2020-01-28,302
"1855",2020-01-29,218
"1856",2020-01-30,195
"1857",2020-01-31,203
"1858",2020-02-01,244
"1859",2020-02-02,254
"1860",2020-02-03,297
"1861",2020-02-04,336
"1862",2020-02-05,344
"1863",2020-02-06,277
"1864",2020-02-07,307
"1865",2020-02-08,315
"1866",2020-02-09,310
"1867",2020-02-10,328
"1868",2020-02-11,347
"1869",2020-02-12,343
"1870",2020-02-13,279
"1871",2020-02-14,186
"1872",2020-02-15,174
"1873",2020-02-16,254
"1874",2020-02-17,323
"1875",2020-02-18,292
"1876",2020-02-19,300
"1877",2020-02-20,253
"1878",2020-02-21,170
"1879",2020-02-22,104
"1880",2020-02-23,221
"1881",2020-02-24,169
"1882",2020-02-25,244
"1883",2020-02-26,303
"1884",2020-02-27,270
"1885",2020-02-28,214
"1886",2020-02-29,144
"1887",2020-03-01,105
"1888",2020-03-02,192
"1889",2020-03-03,226
"1890",2020-03-04,200
"1891",2020-03-05,112
"1892",2020-03-06,82
"1893",2020-03-07,77
"1894",2020-03-08,156
"1895",2020-03-09,138
"1896",2020-03-10,186
"1897",2020-03-11,128
"1898",2020-03-12,125
"1899",2020-03-13,170
"1900",2020-03-14,131
"1901",2020-03-15,124
"1902",2020-03-16,148
"1903",2020-03-17,164
"1904",2020-03-18,162
"1905",2020-03-19,191
"1906",2020-03-20,209
"1907",2020-03-21,205
"1908",2020-03-22,198
"1909",2020-03-23,127
"1910",2020-03-24,124
"1911",2020-03-25,92
"1912",2020-03-26,93
"1913",2020-03-27,76
"1914",2020-03-28,51
"1915",2020-03-29,64
"1916",2020-03-30,74
"1917",2020-03-31,81
"1918",2020-04-01,80
"1919",2020-04-02,78
"1920",2020-04-03,84
"1921",2020-04-04,90
"1922",2020-04-05,103
"1923",2020-04-06,134
"1924",2020-04-07,100
"1925",2020-04-08,91
"1926",2020-04-09,89
"1927",2020-04-10,111
"1928",2020-04-11,126
"1929",2020-04-12,102
"1930",2020-04-13,119
"1931",2020-04-14,134
"1932",2020-04-15,152
"1933",2020-04-16,172
"1934",2020-04-17,123
"1935",2020-04-18,102
"1936",2020-04-19,95
"1937",2020-04-20,115
"1938",2020-04-21,102
"1939",2020-04-22,122
"1940",2020-04-23,129
"1941",2020-04-24,143
"1942",2020-04-25,121
"1943",2020-04-26,119
"1944",2020-04-27,98
"1945",2020-04-28,105
"1946",2020-04-29,123
"1947",2020-04-30,128
"1948",2020-05-01,140
"1949",2020-05-02,127
"1950",2020-05-03,110
"1951",2020-05-04,92
"1952",2020-05-05,117
"1953",2020-05-06,139
"1954",2020-05-07,140
"1955",2020-05-08,138
"1956",2020-05-09,142
"1957",2020-05-10,127
"1958",2020-05-11,113
"1959",2020-05-12,122
"1960",2020-05-13,132
"1961",2020-05-14,154
"1962",2020-05-15,125
"1963",2020-05-16,175
"1964",2020-05-17,202
"1965",2020-05-18,222
"1966",2020-05-19,238
"1967",2020-05-20,196
"1968",2020-05-21,149
"1969",2020-05-22,199
"1970",2020-05-23,202
"1971",2020-05-24,174
"1972",2020-05-25,157
"1973",2020-05-26,153
"1974",2020-05-27,156
"1975",2020-05-28,174
"1976",2020-05-29,129
"1977",2020-05-30,84
"1978",2020-05-31,80
"1979",2020-06-01,100
"1980",2020-06-02,123
"1981",2020-06-03,123
"1982",2020-06-04,144
"1983",2020-06-05,126
"1984",2020-06-06,102
"1985",2020-06-07,104
"1986",2020-06-08,112
"1987",2020-06-09,138
"1988",2020-06-10,154
"1989",2020-06-11,142
"1990",2020-06-12,152
"1991",2020-06-13,132
"1992",2020-06-14,147
"1993",2020-06-15,130
"1994",2020-06-16,126
"1995",2020-06-17,110
"1996",2020-06-18,107
"1997",2020-06-19,132
"1998",2020-06-20,158
"1999",2020-06-21,105
"2000",2020-06-22,104
"2001",2020-06-23,85
"2002",2020-06-24,71
"2003",2020-06-25,86
"2004",2020-06-26,104
"2005",2020-06-27,112
"2006",2020-06-28,196
"2007",2020-06-29,233
"2008",2020-06-30,114
"2009",2020-07-01,101
